Gamma,Converged,Iterations,Total_Time,Optimal_Value,LB,UB,Gap,Num_Scenarios
0,True,1,1306.8487701416016,347286.9583023931,347286.9583023931,347286.95830239286,-2.3283064365386963e-10,1
10,False,2,4972.227341175079,,337039.0504480202,347286.95830239286,10247.907854372635,2
20,False,1,671.4685900211334,,-inf,inf,inf,1
